file,sc_rosetta,iface,note
1CZ8_cleaned.pdb,0.629375,H_B,
1MVF_cleaned.pdb,0.793243,H_B,
1BJ1_cleaned.pdb,0.810812,H_B,
1MEL_cleaned.pdb,0.754988,H_M,
1RI8_cleaned.pdb,0.754842,H_B,
1OP9_cleaned.pdb,0.772781,H_B,
1G6V_cleaned.pdb,0.638130,H_B,
1RJC_cleaned.pdb,0.709616,H_B,
1T6V_0_cleaned.pdb,0.721898,H_L,
1SQ2_0_cleaned.pdb,0.749951,H_L,
1XFP_cleaned.pdb,0.786306,H_L,
1ZMY_cleaned.pdb,0.729700,H_L,
1ZVH_cleaned.pdb,0.817980,H_L,
1ZV5_cleaned.pdb,0.758825,H_L,
1ZVY_cleaned.pdb,0.738927,H_B,
1KXV_0_cleaned.pdb,0.623733,H_B,
2BSE_1_cleaned.pdb,0.739036,H_AB,
2I25_0_cleaned.pdb,0.795455,H_L,
2P42_cleaned.pdb,0.732277,H_C,
2P44_cleaned.pdb,0.641951,H_A,
2P43_cleaned.pdb,0.754766,H_A,
2P47_cleaned.pdb,0.710717,H_A,
2P46_cleaned.pdb,0.643762,H_A,
2P45_cleaned.pdb,0.778250,H_A,
2I26_0_cleaned.pdb,0.789291,H_L,
2X6M_cleaned.pdb,0.718932,H_B,
2P48_cleaned.pdb,0.708001,H_A,
2P4A_cleaned.pdb,0.753066,H_A,
2P49_cleaned.pdb,0.705464,H_A,
2VYR_cleaned.pdb,0.589927,H_AD,
2XT1_cleaned.pdb,0.726119,H_C,
2XXM_cleaned.pdb,0.768900,H_A,
2XV6_1_cleaned.pdb,0.734296,H_A,
3CFI_0_cleaned.pdb,0.714452,H_A,
2XV6_0_cleaned.pdb,0.729226,H_C,
3CFI_1_cleaned.pdb,0.756551,H_E,
3EBA_cleaned.pdb,0.774323,H_B,
2Z8W_0_cleaned.pdb,0.705138,H_B,
2Z8V_0_cleaned.pdb,0.768539,H_B,
3G9A_cleaned.pdb,0.750325,H_B,
3JBC_cleaned.pdb,0.430586,H_B,
3EZJ_cleaned.pdb,0.755770,H_CG,
3K74_cleaned.pdb,0.738566,H_A,
3K1K_cleaned.pdb,0.728407,H_B,
3K3Q_cleaned.pdb,0.557980,H_EF,
3JBE_cleaned.pdb,0.597288,H_BCD,
3OGO_cleaned.pdb,0.617833,H_C,
3JBG_0_cleaned.pdb,0.600388,H_BCD,
3QSK_cleaned.pdb,0.746669,H_A,
3P9W_1_cleaned.pdb,0.715772,H_A,
3K81_1_cleaned.pdb,0.637290,H_CD,
3R0M_cleaned.pdb,0.500994,H_B,
3P0G_cleaned.pdb,0.630024,H_AB,
3JBF_cleaned.pdb,0.641904,H_BCD,
3STB_1_cleaned.pdb,0.683935,H_AG,
3ZKS_cleaned.pdb,0.510694,H_A,
3ZKX_1_cleaned.pdb,0.770332,H_A,
3ZKQ_cleaned.pdb,0.536169,H_A,
3ZLQ_cleaned.pdb,0.512521,H_B,
3RJQ_cleaned.pdb,0.636189,H_ABCDE,
3ZKX_0_cleaned.pdb,0.525332,H_A,
3SN6_cleaned.pdb,0.623446,H_AB,
4BEL_cleaned.pdb,0.654162,H_B,
4C57_0_cleaned.pdb,0.768367,H_A,
4C58_cleaned.pdb,0.781318,H_ABC,
4BFB_0_cleaned.pdb,0.593660,H_B,
4C57_cleaned.pdb,0.753746,H_B,
4GFT_cleaned.pdb,0.679398,H_A,
4EIZ_cleaned.pdb,0.697491,H_A,
4C59_cleaned.pdb,0.758653,H_ABC,
4EIG_cleaned.pdb,0.704545,H_A,
4EJ1_cleaned.pdb,0.712350,H_B,
4CDG_cleaned.pdb,0.696149,H_B,
4GRW_1_cleaned.pdb,0.711891,H_D,
4HEM_0_cleaned.pdb,0.663837,H_AB,
4GRW_0_cleaned.pdb,0.742843,H_CD,
4GRW_3_cleaned.pdb,0.657355,H_CD,
4I0C_0_cleaned.pdb,0.681689,H_A,
4HGM_0_cleaned.pdb,0.780465,H_B,
4I13_cleaned.pdb,0.700029,H_A,
4I1N_cleaned.pdb,0.662548,H_A,
4HGK_0_cleaned.pdb,0.690456,H_B,
4KDT_cleaned.pdb,0.761588,H_D,
4HEP_cleaned.pdb,0.742343,H_ABC,
4KML_cleaned.pdb,0.738809,H_A,
4IOS_0_cleaned.pdb,0.688632,H_BC,
4LGP_1_cleaned.pdb,0.749508,H_A,
4LGR_cleaned.pdb,0.785832,H_A,
4LGP_cleaned.pdb,0.729884,H_B,
4LGS_cleaned.pdb,0.831719,H_A,
4LHQ_cleaned.pdb,0.765991,H_A,
4LHJ_cleaned.pdb,0.598823,H_B,
4N9O_cleaned.pdb,0.688289,H_A,
4M3K_cleaned.pdb,0.678414,H_A,
4LSV_cleaned.pdb,0.702519,H_B,
4N1H_cleaned.pdb,0.786149,H_A,
4MQS_cleaned.pdb,0.637846,H_AB,
4MQT_cleaned.pdb,0.505724,H_AB,
4NC0_cleaned.pdb,0.773494,H_B,
4NBX_cleaned.pdb,0.628322,H_B,
4NBY_cleaned.pdb,0.644179,H_B,
4KFZ_0_cleaned.pdb,0.754562,H_ABK,
4ORZ_cleaned.pdb,0.704340,H_B,
4NC2_cleaned.pdb,0.827389,H_A,
4NC1_cleaned.pdb,0.677828,H_B,
4POU_cleaned.pdb,0.720088,H_A,
4PGJ_0_cleaned.pdb,0.825315,H_B,
4S10_0_cleaned.pdb,0.774327,H_C,
4P2C_0_cleaned.pdb,0.757842,H_ABC,
4QO1_cleaned.pdb,0.720142,H_B,
4PGJ_cleaned.pdb,0.831035,H_B,
4PGJ_1_cleaned.pdb,0.783846,H_D,
4S10_cleaned.pdb,0.788970,H_B,
4W2O_cleaned.pdb,0.648862,H_A,
4W2Q_cleaned.pdb,0.698751,H_B,
4W6W_cleaned.pdb,0.602367,H_A,
4TVS_cleaned.pdb,0.606666,H_B,
4W6X_cleaned.pdb,0.794684,H_A,
4QKX_cleaned.pdb,0.738235,H_AB,
4WEU_cleaned.pdb,0.787996,H_A,
4WEM_cleaned.pdb,0.741156,H_A,
4WEN_cleaned.pdb,0.750562,H_A,
4X7C_1_cleaned.pdb,0.814326,H_B,
4W6Y_cleaned.pdb,0.637994,H_AC,
4WGV_cleaned.pdb,0.674327,H_C,
4X7C_cleaned.pdb,0.777909,H_B,
4WGW_cleaned.pdb,0.725263,H_C,
4X7D_1_cleaned.pdb,0.800567,H_A,
4X7E_cleaned.pdb,0.810370,H_B,
4X7F_cleaned.pdb,0.631969,H_B,
5BOP_cleaned.pdb,0.706161,H_D,
4Z9K_cleaned.pdb,0.795676,H_A,
4XT1_cleaned.pdb,0.683744,H_A,
4Y8D_cleaned.pdb,0.747318,H_B,
5C2U_cleaned.pdb,0.760877,H_A,
5C3L_cleaned.pdb,0.594589,H_B,
5C1M_cleaned.pdb,0.580063,H_A,
5BOZ_0_cleaned.pdb,0.696563,H_E,
5E1H_cleaned.pdb,0.837965,H_A,
4ZG1_cleaned.pdb,0.741749,H_BCDEF,
5E5M_0_cleaned.pdb,0.743049,H_A,
5DA0_cleaned.pdb,0.716455,H_A,
5E0Q_cleaned.pdb,0.696145,H_B,
5E7F_cleaned.pdb,0.801141,H_GI,
5DMJ_cleaned.pdb,0.744593,H_D,
5F1O_cleaned.pdb,0.768607,H_A,
5F1K_cleaned.pdb,0.618696,H_A,
5DFZ_cleaned.pdb,0.572442,H_ABC,
5F21_cleaned.pdb,0.709454,H_A,
5F7K_cleaned.pdb,0.702573,H_B,
5F7L_cleaned.pdb,0.740520,H_A,
5F7M_cleaned.pdb,0.688510,H_B,
5F7W_cleaned.pdb,0.676306,H_B,
5F7Y_cleaned.pdb,0.722857,H_A,
5F8Q_cleaned.pdb,0.733394,H_B,
5F7N_cleaned.pdb,0.685893,H_A,
5F8R_cleaned.pdb,0.676529,H_A,
5F97_cleaned.pdb,0.700827,H_D,
5F93_cleaned.pdb,0.753906,H_B,
5G5R_cleaned.pdb,0.665256,H_C,
5H8O_cleaned.pdb,0.746499,H_B,
5F9A_cleaned.pdb,0.689514,H_A,
5FV2_cleaned.pdb,0.564731,H_XY,
5HM1_cleaned.pdb,0.800582,H_E,
5F9D_cleaned.pdb,0.660193,H_A,
5G5X_cleaned.pdb,0.683964,H_AC,
5IHL_cleaned.pdb,0.762129,H_A,
5IMK_cleaned.pdb,0.797108,H_A,
5GXB_cleaned.pdb,0.756060,H_A,
5IML_cleaned.pdb,0.687242,H_A,
5HVG_1_cleaned.pdb,0.717115,H_A,
5IP4_cleaned.pdb,0.686977,H_D,
5IMO_cleaned.pdb,0.777941,H_A,
5IVN_cleaned.pdb,0.763669,H_B,
5HVH_0_cleaned.pdb,0.660346,H_A,
5IMM_cleaned.pdb,0.688725,H_A,
5HGG_cleaned.pdb,0.641630,H_AB,
5JA9_1_cleaned.pdb,0.738503,H_C,
5J56_cleaned.pdb,0.721354,H_A,
5J57_cleaned.pdb,0.773609,H_A,
5JA8_cleaned.pdb,0.780156,H_E,
5JDS_cleaned.pdb,0.737142,H_A,
5JA9_cleaned.pdb,0.771594,H_B,
5J1S_cleaned.pdb,0.667567,H_AB,
5J1T_cleaned.pdb,0.710701,H_AB,
5JMO_cleaned.pdb,0.733422,H_A,
5KTZ_cleaned.pdb,0.539561,H_B,
5KU2_1_cleaned.pdb,0.603965,H_B,
5KU0_1_cleaned.pdb,0.553036,H_3,
5JQH_cleaned.pdb,0.817423,H_ABC,
5L8J_0_cleaned.pdb,0.669763,H_A,
5KWL_cleaned.pdb,0.561341,H_B,
5L21_cleaned.pdb,0.701941,H_A,
5L8K_0_cleaned.pdb,0.705633,H_A,
5LHN_cleaned.pdb,0.758494,H_A,
5LHP_cleaned.pdb,0.715776,H_A,
5L8L_0_cleaned.pdb,0.693364,H_A,
5LHQ_cleaned.pdb,0.711428,H_A,
5LWF_cleaned.pdb,0.759501,H_B,
5LHR_cleaned.pdb,0.754534,H_A,
5M13_cleaned.pdb,0.649414,H_A,
5LWF_1_cleaned.pdb,0.768803,H_A,
5M14_cleaned.pdb,0.647509,H_A,
5M15_cleaned.pdb,0.662430,H_B,
5M2M_cleaned.pdb,0.646716,H_A,
5M15_0_cleaned.pdb,0.685323,H_B,
5M94_cleaned.pdb,0.739603,H_A,
5M2I_cleaned.pdb,0.665450,H_DF,
5MJE_cleaned.pdb,0.755322,H_A,
5MP2_1_cleaned.pdb,0.793818,H_B,
5M95_cleaned.pdb,0.745578,H_A,
5M30_cleaned.pdb,0.693434,H_BC,
5N88_1_cleaned.pdb,0.690503,H_D,
5MP2_cleaned.pdb,0.677503,H_B,
5MZV_cleaned.pdb,0.740876,H_B,
5MWN_0_cleaned.pdb,,H_BC,WORKER_CRASH: BrokenProcessPool
5MY6_cleaned.pdb,,H_A,WORKER_CRASH: BrokenProcessPool
5NBL_cleaned.pdb,,H_ABCD,WORKER_CRASH: BrokenProcessPool
5O02_cleaned.pdb,0.792168,H_A,
5NBM_cleaned.pdb,,H_ABCD,WORKER_CRASH: BrokenProcessPool
5O03_cleaned.pdb,0.659687,H_B,
5O05_0_cleaned.pdb,0.742647,H_B,
5O04_1_cleaned.pdb,0.780583,H_B,
5O0W_cleaned.pdb,0.666015,H_D,
5O2U_1_cleaned.pdb,0.735525,H_C,
5O04_2_cleaned.pdb,0.792535,H_AB,
5OMM_cleaned.pdb,0.712519,H_B,
5O04_cleaned.pdb,0.654331,H_B,
5OMN_cleaned.pdb,0.702164,H_B,
5SV3_0_cleaned.pdb,0.782779,H_B,
5O03_1_cleaned.pdb,0.599718,H_AB,
5TD8_cleaned.pdb,0.627122,H_B,
5TP3_cleaned.pdb,0.761598,H_B,
5OVW_cleaned.pdb,0.678475,H_F,
5TSJ_cleaned.pdb,0.675525,H_GI,
5TJW_cleaned.pdb,0.604777,H_C,
5U4M_cleaned.pdb,0.749326,H_A,
5O04_0_cleaned.pdb,0.780879,H_AB,
5UKB_cleaned.pdb,0.512004,H_J,
5USF_cleaned.pdb,0.689155,H_B,
5VXJ_cleaned.pdb,0.581459,H_C,
5VXK_cleaned.pdb,0.817194,H_A,
5VXL_cleaned.pdb,0.723502,H_A,
5Y7Z_cleaned.pdb,0.698332,H_B,
5UZ7_cleaned.pdb,0.575428,H_ABCDEF,
5VXM_cleaned.pdb,0.774781,H_A,
6APP_cleaned.pdb,0.772612,H_B,
5Y80_cleaned.pdb,0.757697,H_A,
5VAI_cleaned.pdb,0.607036,H_ABCD,
6B20_cleaned.pdb,0.767699,H_BD,
6B73_0_cleaned.pdb,0.566166,H_B,
6B3J_cleaned.pdb,0.589959,H_ABCDEF,
6C5W_cleaned.pdb,0.804194,H_ABCD,
6CWG_cleaned.pdb,0.773388,H_A,
6DBF_cleaned.pdb,0.700031,H_A,
6C9W_cleaned.pdb,0.719925,H_B,
6DBG_0_cleaned.pdb,0.706786,H_A,
6DO1_0_cleaned.pdb,0.621999,H_ABCDEFGI,
6CSY_cleaned.pdb,0.673400,H_A,
6B73_1_cleaned.pdb,0.637210,H_A,
6E3Y_cleaned.pdb,0.649875,H_ABCDEF,
6EY0_0_cleaned.pdb,0.787864,H_A,
6EY6_0_cleaned.pdb,0.699736,H_AG,
6F2G_cleaned.pdb,0.714513,H_A,
6FE4_0_cleaned.pdb,0.645949,H_CD,
6GCI_cleaned.pdb,0.583509,H_A,
6F2W_cleaned.pdb,0.675191,H_A,
6GJQ_cleaned.pdb,0.779877,H_E,
6GDG_cleaned.pdb,0.517469,H_ABD,
6GJS_0_cleaned.pdb,0.738965,H_AB,
6GJU_0_cleaned.pdb,0.745577,H_A,
6GJS_cleaned.pdb,0.781635,H_AB,
6GJS_1_cleaned.pdb,0.737106,H_AB,
6GJU_cleaned.pdb,0.696739,H_B,
6GK4_0_cleaned.pdb,0.770373,H_AD,
6GJU_1_cleaned.pdb,0.755972,H_A,
6GK4_cleaned.pdb,0.662153,H_AB,
6GK4_1_cleaned.pdb,0.758888,H_AD,
6GKD_0_cleaned.pdb,0.741995,H_AR,
6GS1_cleaned.pdb,0.705999,H_A,
6GS4_cleaned.pdb,0.733609,H_A,
6GKD_1_cleaned.pdb,0.713506,H_ABCFOR,
6GWN_0_cleaned.pdb,0.722156,H_A,
6GS7_cleaned.pdb,0.651906,H_A,
6GWN_1_cleaned.pdb,0.742168,H_A,
6GWP_0_cleaned.pdb,0.703838,H_A,
6H1F_cleaned.pdb,0.783706,H_B,
6GWQ_cleaned.pdb,0.779690,H_A,
6GWP_1_cleaned.pdb,0.721249,H_A,
6H16_cleaned.pdb,0.746271,H_A,
6H71_cleaned.pdb,0.710429,H_B,
6H70_cleaned.pdb,0.743524,H_AB,
6H72_cleaned.pdb,0.688657,H_B,
6H6Z_cleaned.pdb,0.771920,H_AB,
6H7L_cleaned.pdb,0.725142,H_B,
6H7K_1_cleaned.pdb,0.672615,H_B,
6HHD_cleaned.pdb,0.633428,H_A,
6H7M_cleaned.pdb,0.696887,H_B,
6HER_cleaned.pdb,0.716876,H_A,
6H7N_cleaned.pdb,0.729902,H_A,
6HHU_0_cleaned.pdb,0.732302,H_A,
6H7O_cleaned.pdb,0.686953,H_AB,
6HUJ_cleaned.pdb,,H_ABCE,CRASH rc=-11
6HHU_1_cleaned.pdb,0.757800,H_A,
6I2G_cleaned.pdb,0.808701,H_B,
6HUK_cleaned.pdb,,H_ABCE,CRASH rc=-11
6I6J_cleaned.pdb,0.733159,H_B,
6I53_cleaned.pdb,,H_ABCE,CRASH rc=-11
6HUO_cleaned.pdb,,H_ABCE,CRASH rc=-11
6HJX_0_cleaned.pdb,0.734732,H_DE,
6HUP_cleaned.pdb,,H_ABCE,CRASH rc=-11
6HUG_cleaned.pdb,,H_ABCE,CRASH rc=-11
6I8G_cleaned.pdb,0.748473,H_A,
6IBB_0_cleaned.pdb,0.764514,H_A,
6I8H_cleaned.pdb,0.648245,H_A,
6IBB_1_cleaned.pdb,0.784280,H_C,
6IBB_cleaned.pdb,0.773816,H_B,
6IR1_cleaned.pdb,0.753915,H_A,
6IR2_cleaned.pdb,0.686169,H_A,
6ITC_0_cleaned.pdb,0.677569,H_BEY,
6JB5_cleaned.pdb,0.765381,H_B,
6JB2_cleaned.pdb,0.744288,H_B,
6J7W_cleaned.pdb,0.651261,H_BC,
6JB8_cleaned.pdb,0.696544,H_B,
6JSZ_cleaned.pdb,0.528779,H_A,
6KNM_cleaned.pdb,0.654051,H_B,
6LR7_cleaned.pdb,0.775861,H_A,
6LZ2_1_cleaned.pdb,0.766671,H_C,
6LMK_cleaned.pdb,0.508076,H_ABCD,
6LPB_cleaned.pdb,0.607327,H_ABC,
6LI3_cleaned.pdb,0.604249,H_ABCDG,
6M1H_cleaned.pdb,0.541802,H_ABCEF,
6MXT_cleaned.pdb,0.692947,H_A,
6M1I_cleaned.pdb,0.601455,H_ABEF,
6N48_cleaned.pdb,0.660198,H_AB,
6N50_cleaned.pdb,0.681274,H_A,
6NBF_cleaned.pdb,0.610752,H_ABCD,
6NBH_cleaned.pdb,0.586664,H_ABCD,
6N4Y_1_cleaned.pdb,0.686251,H_A,
6NBI_cleaned.pdb,0.562704,H_ABCD,
6NI2_cleaned.pdb,0.795225,H_B,
6OBE_cleaned.pdb,0.682414,H_B,
6NI3_cleaned.pdb,0.571509,H_ABCD,
6OBG_cleaned.pdb,0.727023,H_B,
6OBM_cleaned.pdb,0.720016,H_B,
6NFJ_0_cleaned.pdb,0.595077,H_ABCDE,
6NIY_cleaned.pdb,0.623866,H_ABCDE,
6OBO_cleaned.pdb,0.693617,H_B,
6OCD_cleaned.pdb,0.697516,H_B,
6OQ6_cleaned.pdb,0.525970,H_A,
6OQ8_cleaned.pdb,0.713444,H_A,
6OQ7_cleaned.pdb,0.611192,H_A,
6OS2_cleaned.pdb,0.627675,H_A,
6OYH_2_cleaned.pdb,0.715401,H_D,
6OS1_cleaned.pdb,0.621073,H_A,
6OS0_cleaned.pdb,0.676572,H_A,
6OYA_cleaned.pdb,0.618949,H_ABCD,
6OYZ_1_cleaned.pdb,0.784446,H_C,
6OZ6_0_cleaned.pdb,0.709875,H_A,
6QGW_cleaned.pdb,0.707233,H_A,
6Q6Z_cleaned.pdb,0.627501,H_A,
6PB0_cleaned.pdb,0.703136,H_ABCD,
6P9Y_cleaned.pdb,0.606742,H_ABCDEF,
6QGX_cleaned.pdb,0.737430,H_A,
6QGY_0_cleaned.pdb,0.731507,H_C,
6P9X_cleaned.pdb,0.564179,H_ABCDEFG,
6PB1_cleaned.pdb,0.693221,H_ABCD,
6QUP_cleaned.pdb,0.675869,H_A,
6R7T_cleaned.pdb,0.667862,H_B,
6QV2_cleaned.pdb,0.601235,H_D,
6RAG_cleaned.pdb,0.683852,H_B,
6RAH_cleaned.pdb,0.776336,H_B,
6RAI_cleaned.pdb,0.730749,H_B,
6RAJ_cleaned.pdb,0.770407,H_B,
6RAK_cleaned.pdb,0.752832,H_B,
6RAL_cleaned.pdb,0.734824,H_B,
6RPJ_cleaned.pdb,0.733468,H_AG,
6RAM_cleaned.pdb,0.759235,H_B,
6RNK_cleaned.pdb,0.779353,H_A,
6RAN_cleaned.pdb,0.746489,H_B,
6RQM_cleaned.pdb,0.764697,H_A,
6RTW_cleaned.pdb,0.751273,H_A,
6RVC_0_cleaned.pdb,0.642481,H_A,
6S0Y_cleaned.pdb,0.451538,H_B,
6SGE_cleaned.pdb,0.795120,H_C,
6RTY_cleaned.pdb,0.786173,H_A,
6SSI_1_cleaned.pdb,0.762952,H_DE,
6TYL_0_cleaned.pdb,0.722340,H_A,
6TEJ_cleaned.pdb,0.679063,H_B,
6TYL_1_cleaned.pdb,0.668122,H_A,
6TYL_cleaned.pdb,0.740487,H_B,
6TYL_2_cleaned.pdb,0.728321,H_F,
6TYL_4_cleaned.pdb,0.551780,H_F,
6U12_cleaned.pdb,0.701228,H_A,
6U54_cleaned.pdb,0.604956,H_B,
6U51_1_cleaned.pdb,0.752402,H_BD,
6U55_cleaned.pdb,0.657762,H_B,
6U52_cleaned.pdb,0.706960,H_BD,
6UC6_0_cleaned.pdb,0.761760,H_A,
6UKT_3_cleaned.pdb,0.577006,H_B,
6UHT_0_cleaned.pdb,0.671249,H_B,
6UKT_0_cleaned.pdb,0.748573,H_A,
6UHT_1_cleaned.pdb,0.721115,H_A,
6UKT_1_cleaned.pdb,0.759852,H_A,
6UFT_cleaned.pdb,0.771958,H_A,
6UL4_cleaned.pdb,0.697879,H_A,
6V7Y_cleaned.pdb,0.767680,H_A,
6UUN_cleaned.pdb,0.648758,H_ABCDEF,
6V80_cleaned.pdb,0.731314,H_B,
6V80_1_cleaned.pdb,0.710172,H_ACD,
6VBG_cleaned.pdb,0.751426,H_B,
6UUS_cleaned.pdb,0.668356,H_ABCDEF,
6UVA_cleaned.pdb,0.691521,H_ABCDEF,
6V7Z_cleaned.pdb,0.758749,H_AB,
6WAQ_cleaned.pdb,0.698822,H_B,
6WAR_0_cleaned.pdb,0.785169,H_E,
6VI4_0_cleaned.pdb,0.744998,H_B,
6VCB_cleaned.pdb,0.615316,H_ABCD,
6WAR_1_cleaned.pdb,0.777465,H_K,
6VN7_cleaned.pdb,0.604962,H_ABCD,
6WHC_cleaned.pdb,0.590593,H_ABCD,
6WI9_cleaned.pdb,0.606390,H_ABCDEF,
6X04_cleaned.pdb,0.587579,H_C,
6X05_cleaned.pdb,0.742349,H_B,
6WPW_cleaned.pdb,0.569922,H_ABCD,
6WZG_cleaned.pdb,0.690617,H_ABC,
6X08_cleaned.pdb,0.573254,H_B,
6X4G_0_cleaned.pdb,0.700248,H_C,
6X19_cleaned.pdb,0.683607,H_AB,
6X1A_cleaned.pdb,0.702170,H_AB,
6X18_cleaned.pdb,0.728805,H_ABG,
6X4T_0_cleaned.pdb,0.699892,H_A,
6X9S_cleaned.pdb,0.629229,H_B,
6X9T_cleaned.pdb,0.786410,H_B,
6X9U_cleaned.pdb,0.733274,H_B,
6XOX_cleaned.pdb,0.542762,H_ABC,
6X9V_cleaned.pdb,0.786260,H_B,
6XW6_cleaned.pdb,0.671474,H_AB,
6XZF_cleaned.pdb,0.740229,H_B,
6XW4_cleaned.pdb,0.709352,H_AB,
6XZU_cleaned.pdb,0.716039,H_B,
6XW7_0_cleaned.pdb,0.718869,H_EF,
6YZ5_cleaned.pdb,0.743042,H_E,
6XW5_cleaned.pdb,0.562843,H_AB,
6Z10_cleaned.pdb,0.801988,H_A,
6Z20_cleaned.pdb,0.770051,H_C,
6Z2M_cleaned.pdb,0.740654,H_B,
6Z1V_cleaned.pdb,0.747260,H_A,
6ZCZ_cleaned.pdb,0.782047,H_E,
6Z6V_1_cleaned.pdb,0.746229,H_EF,
6ZE1_cleaned.pdb,0.741276,H_A,
6ZG3_cleaned.pdb,0.661761,H_B,
6ZG3_1_cleaned.pdb,0.657183,H_AI,
7A17_cleaned.pdb,0.663685,H_B,
7A17_1_cleaned.pdb,0.767849,H_E,
6ZRV_cleaned.pdb,0.777775,H_A,
7A4D_0_cleaned.pdb,0.752423,H_KL,
7A48_cleaned.pdb,0.746727,H_BD,
7A4D_2_cleaned.pdb,0.664601,H_EF,
7A4Y_cleaned.pdb,0.797189,H_D,
7A50_cleaned.pdb,0.684532,H_BD,
7A6O_cleaned.pdb,0.659681,H_A,
7A4T_cleaned.pdb,0.696152,H_BC,
7ANQ_cleaned.pdb,0.703146,H_A,
7AQY_cleaned.pdb,0.631833,H_B,
7AQX_cleaned.pdb,0.774322,H_B,
7AQZ_cleaned.pdb,0.607667,H_B,
7AZB_cleaned.pdb,0.701940,H_A,
7AQY_0_cleaned.pdb,0.692897,H_AB,
7B14_cleaned.pdb,0.662718,H_A,
7AR0_cleaned.pdb,0.713856,H_AD,
7B5G_cleaned.pdb,0.668275,H_A,
7B17_1_cleaned.pdb,0.692041,H_A,
7B17_0_cleaned.pdb,0.706279,H_A,
7BB6_cleaned.pdb,0.631322,H_ABCE,
7BC6_cleaned.pdb,0.675375,H_A,
7BC7_cleaned.pdb,0.660502,H_A,
7BTS_cleaned.pdb,0.726837,H_AB,
7BB7_cleaned.pdb,0.646176,H_ABCEF,
7BU6_cleaned.pdb,0.710134,H_AB,
7BU7_cleaned.pdb,0.689535,H_AB,
7C8V_cleaned.pdb,0.760109,H_B,
7C8W_cleaned.pdb,0.717924,H_B,
7BW0_cleaned.pdb,0.564906,H_ABCD,
7BZ2_cleaned.pdb,0.594024,H_ABCDEF,
7CAN_cleaned.pdb,0.756655,H_B,
7C2E_cleaned.pdb,0.604770,H_ABCDEF,
7CFM_cleaned.pdb,0.617241,H_ABCD,
7CFN_cleaned.pdb,0.632652,H_ABCD,
7CRH_cleaned.pdb,0.634032,H_ABCD,
7CKX_cleaned.pdb,0.601798,H_ABCDG,
7CKW_cleaned.pdb,0.719760,H_ABCDG,
7CKZ_cleaned.pdb,0.614844,H_ABCDG,
7CX2_cleaned.pdb,0.747288,H_ABCD,
7CX3_cleaned.pdb,0.736269,H_ABCD,
7CX4_cleaned.pdb,0.710600,H_ABCD,
7CZ5_cleaned.pdb,,H_ABCD,CRASH rc=-11
7CKY_cleaned.pdb,0.640572,H_ABCDG,
7CZ0_0_cleaned.pdb,0.561249,H_D,
7CZ0_1_cleaned.pdb,0.613969,H_A,
7CZD_cleaned.pdb,0.774428,H_B,
7D30_1_cleaned.pdb,0.792830,H_B,
7D5B_cleaned.pdb,0.493776,H_A,
7D5U_cleaned.pdb,0.522638,H_A,
7D3S_cleaned.pdb,0.692044,H_ABCG,
7D5Q_0_cleaned.pdb,0.668857,H_B,
7D5P_cleaned.pdb,0.718111,H_B,
7D6Y_cleaned.pdb,0.667172,H_A,
7D68_cleaned.pdb,0.582526,H_ABCD,
7D7M_cleaned.pdb,0.688580,H_ABCD,
7DGE_cleaned.pdb,0.725628,H_B,
7DSS_1_cleaned.pdb,0.675060,H_13,
7DH5_cleaned.pdb,0.729233,H_ABC,
7DHI_cleaned.pdb,0.656351,H_ABCD,
7DHR_cleaned.pdb,0.636191,H_ABCDEFGI,
7DST_1_cleaned.pdb,0.615663,H_BCD,
7DUQ_cleaned.pdb,0.616424,H_ABCD,
7E53_cleaned.pdb,0.771067,H_B,
7DV4_cleaned.pdb,0.750163,H_CE,
7EOW_cleaned.pdb,0.699315,H_A,
7DUR_cleaned.pdb,0.577843,H_ABCD,
7E6U_cleaned.pdb,0.542869,H_ABCD,
7DTY_cleaned.pdb,0.664170,H_ABCDG,
7EPT_cleaned.pdb,0.643274,H_ABCD,
7EVM_cleaned.pdb,0.578570,H_ABCD,
7F1G_cleaned.pdb,0.546509,H_A,
7F0T_cleaned.pdb,0.573080,H_ABCDE,
7EVW_cleaned.pdb,0.636899,H_ABCDE,
7F16_cleaned.pdb,0.616433,H_ABCD,
7F1O_cleaned.pdb,0.592701,H_ABCD,
7F23_cleaned.pdb,0.561409,H_ABCD,
7F4D_cleaned.pdb,0.711865,H_ABCD,
7F4I_cleaned.pdb,0.697443,H_ABCD,
7F53_cleaned.pdb,0.625261,H_ABCD,
7F5G_cleaned.pdb,0.689470,H_A,
7F54_cleaned.pdb,0.584097,H_ABCD,
7F5H_cleaned.pdb,0.748847,H_B,
7F58_cleaned.pdb,0.604744,H_ABCD,
7FAU_cleaned.pdb,0.702787,H_A,
7F55_cleaned.pdb,0.576831,H_ABCD,
7FBK_0_cleaned.pdb,0.748027,H_A,
7F9Y_cleaned.pdb,0.635001,H_ABCDG,
7FBJ_0_cleaned.pdb,0.741336,H_A,
7FH0_0_cleaned.pdb,0.737244,H_A,
7FH0_1_cleaned.pdb,0.711490,H_A,
7JJO_cleaned.pdb,0.721958,H_B,
7FIG_cleaned.pdb,0.670841,H_AB,
7FIM_cleaned.pdb,0.675201,H_ABCD,
7JVB_cleaned.pdb,0.726477,H_B,
7JOZ_cleaned.pdb,0.621033,H_AB,
7FIN_cleaned.pdb,0.647171,H_ABCDG,
7JV5_cleaned.pdb,0.634888,H_ABCDG,
7FIY_cleaned.pdb,0.689489,H_ABCD,
7K84_cleaned.pdb,,H_AB,CRASH rc=-11
7KBI_cleaned.pdb,0.783012,H_B,
7K7Y_1_cleaned.pdb,0.637822,H_AG,
7KBK_cleaned.pdb,0.583333,H_B,
7JVP_cleaned.pdb,0.668488,H_ABCDG,
7KD0_cleaned.pdb,0.738807,H_AB,
7KDU_cleaned.pdb,0.713495,H_B,
7KDM_0_cleaned.pdb,0.751453,H_DE,
7KD2_cleaned.pdb,0.788122,H_B,
7KGJ_cleaned.pdb,0.684437,H_A,
7KGK_cleaned.pdb,0.688736,H_A,
7KJH_cleaned.pdb,,H_ABD,CRASH rc=-11
7KI1_cleaned.pdb,0.721551,H_AB,
7KI0_cleaned.pdb,0.713884,H_ABCD,
7KJI_cleaned.pdb,0.689958,H_ABC,
7KLW_0_cleaned.pdb,0.705185,H_A,
7KLW_1_cleaned.pdb,0.749082,H_A,
7KM5_0_cleaned.pdb,0.733342,H_B,
7KLW_cleaned.pdb,0.674245,H_B,
7KM5_1_cleaned.pdb,0.682888,H_A,
7KN5_1_cleaned.pdb,0.729890,H_B,
7KN6_cleaned.pdb,0.728649,H_A,
7KN5_0_cleaned.pdb,0.739401,H_A,
7LDJ_cleaned.pdb,0.713777,H_B,
7KN7_cleaned.pdb,0.743451,H_A,
7LLL_cleaned.pdb,0.599026,H_ABCD,
7LJC_cleaned.pdb,0.700024,H_AB,
7LOK_cleaned.pdb,0.481896,H_ABCD,
7LZP_4_cleaned.pdb,0.675197,H_A,
7LZP_1_cleaned.pdb,0.762432,H_D,
7LLY_cleaned.pdb,0.714466,H_ABCDE,
7LZP_5_cleaned.pdb,0.689034,H_A,
7MBX_cleaned.pdb,0.715183,H_ABCD,
7MDW_0_cleaned.pdb,0.615536,H_R,
7MDW_cleaned.pdb,0.683698,H_B,
7MDW_1_cleaned.pdb,0.625787,H_R,
7ME7_0_cleaned.pdb,0.626669,H_R,
7ME7_1_cleaned.pdb,0.584006,H_R,
7ME7_cleaned.pdb,0.614299,H_B,
7MEJ_0_cleaned.pdb,0.385288,H_R,
7MEJ_1_cleaned.pdb,0.582606,H_R,
7MEJ_cleaned.pdb,0.376780,H_B,
7MFU_1_cleaned.pdb,0.730741,H_A,
7N0S_0_cleaned.pdb,0.721138,H_B,
7N0I_cleaned.pdb,0.766711,H_AG,
7MFU_cleaned.pdb,0.699651,H_B,
7N4N_cleaned.pdb,0.527062,H_A,
7MFU_0_cleaned.pdb,0.680851,H_A,
7N9A_cleaned.pdb,0.681729,H_E,
7N9U_cleaned.pdb,0.743785,H_B,
7NBB_cleaned.pdb,0.675190,H_B,
7NFQ_cleaned.pdb,0.539418,H_B,
7NDF_cleaned.pdb,0.769656,H_B,
7NBB_1_cleaned.pdb,0.623287,H_ABC,
7NFR_cleaned.pdb,0.676722,H_A,
7NFT_cleaned.pdb,0.721811,H_B,
7NLL_0_cleaned.pdb,0.615102,H_D,
7NGH_cleaned.pdb,0.619156,H_B,
7NLL_cleaned.pdb,0.766028,H_B,
7NOW_cleaned.pdb,0.732461,H_D,
7NQA_cleaned.pdb,0.636737,H_A,
7NVM_cleaned.pdb,0.651782,H_e,
7NVL_cleaned.pdb,0.751137,H_E,
7NQK_cleaned.pdb,0.716261,H_A,
7NVN_0_cleaned.pdb,0.670544,H_E,
7NXX_cleaned.pdb,0.678960,H_C,
7NX0_0_cleaned.pdb,0.782607,H_C,
7NX0_1_cleaned.pdb,0.758470,H_B,
7O06_cleaned.pdb,0.686465,H_D,
7O0S_cleaned.pdb,0.720286,H_B,
7O3B_cleaned.pdb,0.707641,H_G,
7OLZ_1_cleaned.pdb,0.696160,H_A,
7OLZ_0_cleaned.pdb,0.764593,H_A,
7OLZ_cleaned.pdb,0.752728,H_B,
7OMM_0_cleaned.pdb,0.555954,H_AB,
7OMM_1_cleaned.pdb,0.750214,H_A,
7OM4_cleaned.pdb,0.648843,H_D,
7P14_cleaned.pdb,0.697134,H_A,
7P16_cleaned.pdb,0.739784,H_A,
7P2D_cleaned.pdb,0.726080,H_A,
7P5V_cleaned.pdb,0.636428,H_ABF,
7PA5_cleaned.pdb,0.633363,H_A,
7P5Y_0_cleaned.pdb,0.665787,H_ABE,
7PAF_cleaned.pdb,0.754299,H_A,
7PH3_cleaned.pdb,0.735797,H_A,
7PH4_cleaned.pdb,0.727967,H_A,
7PIU_cleaned.pdb,0.697697,H_ABCDEF,
7PQG_cleaned.pdb,0.589761,H_A,
7PQQ_cleaned.pdb,0.657899,H_A,
7Q3Q_cleaned.pdb,0.713890,H_A,
7Q3R_0_cleaned.pdb,0.714009,H_A,
7Q3R_1_cleaned.pdb,0.682691,H_A,
7PIV_cleaned.pdb,0.689750,H_ABCDEF,
7QBD_cleaned.pdb,0.606317,H_B,
7QBE_cleaned.pdb,0.695079,H_C,
7QBG_1_cleaned.pdb,,H_ABCDE,CRASH rc=-11
7QBF_cleaned.pdb,0.751657,H_B,
7QBG_0_cleaned.pdb,,H_ABCD,CRASH rc=-11
7QIA_0_cleaned.pdb,0.708015,H_A,
7QIC_0_cleaned.pdb,0.632388,H_A,
7QIA_1_cleaned.pdb,0.795116,H_A,
7QIA_cleaned.pdb,0.716300,H_B,
7QIC_cleaned.pdb,0.565798,H_B,
7QIC_1_cleaned.pdb,0.704580,H_A,
7QJI_0_cleaned.pdb,0.735533,H_A,
7QJI_1_cleaned.pdb,0.766479,H_A,
7QJJ_0_cleaned.pdb,0.699838,H_E,
7QJI_cleaned.pdb,0.730894,H_B,
7QNE_cleaned.pdb,,H_ABCE,CRASH rc=-11
7QJJ_1_cleaned.pdb,0.776209,H_E,
7R1Z_1_cleaned.pdb,0.703317,H_A,
7R1Z_0_cleaned.pdb,0.733339,H_A,
7R23_1_cleaned.pdb,0.770253,H_A,
7R24_cleaned.pdb,0.702799,H_B,
7R23_0_cleaned.pdb,0.730715,H_A,
7R24_0_cleaned.pdb,0.719382,H_A,
7R24_1_cleaned.pdb,0.744007,H_A,
7R73_cleaned.pdb,,H_ABCDG,CRASH rc=-11
7R74_cleaned.pdb,,H_ABCDEF,CRASH rc=-11
7R98_cleaned.pdb,0.733561,H_B,
7RBY_cleaned.pdb,0.717032,H_C,
7RI2_cleaned.pdb,,H_ABCDE,CRASH rc=-11
7RG9_cleaned.pdb,0.526493,H_ABC,
7RI1_cleaned.pdb,0.728208,H_A,
7RGP_cleaned.pdb,0.607071,H_ABC,
7RMG_cleaned.pdb,0.681899,H_ABCDEF,
7RMH_cleaned.pdb,0.649720,H_ABCDE,
7RNN_cleaned.pdb,0.637710,H_D,
7RMI_cleaned.pdb,0.650034,H_ABCDEF,
7S2R_cleaned.pdb,0.767065,H_A,
7S83_0_cleaned.pdb,0.744731,H_C,
7S1M_cleaned.pdb,0.705088,H_ABCD,
7S83_1_cleaned.pdb,0.624508,H_C,
7SAH_cleaned.pdb,0.565750,H_B,
7SAI_cleaned.pdb,0.777669,H_A,
7SAJ_cleaned.pdb,0.744226,H_C,
7S3I_cleaned.pdb,0.700032,H_ABCD,
7SAK_cleaned.pdb,0.705200,H_B,
7SL8_cleaned.pdb,,H_ABC,CRASH rc=-11
7SK7_cleaned.pdb,0.789319,H_B,
7SK5_cleaned.pdb,0.661030,H_B,
7SLA_cleaned.pdb,,H_ABC,CRASH rc=-11
7SP6_0_cleaned.pdb,0.748818,H_A,
7SP7_0_cleaned.pdb,0.772994,H_A,
7SL9_cleaned.pdb,0.651053,H_A,
7SP6_1_cleaned.pdb,0.615203,H_A,
7SP8_0_cleaned.pdb,0.739683,H_A,
7SP7_1_cleaned.pdb,0.612791,H_A,
7SP9_0_cleaned.pdb,0.792434,H_A,
7SPO_0_cleaned.pdb,0.756989,H_A,
7SP8_1_cleaned.pdb,0.684114,H_A,
7SP9_1_cleaned.pdb,0.623924,H_A,
7SPA_0_cleaned.pdb,0.780730,H_A,
7SPA_1_cleaned.pdb,0.604769,H_A,
7SPP_0_cleaned.pdb,0.621559,H_A,
7T5F_0_cleaned.pdb,0.725978,H_A,
7SSZ_cleaned.pdb,0.675685,H_AD,
7TGF_cleaned.pdb,0.653151,H_B,
7TH2_cleaned.pdb,0.704004,H_B,
7T5F_3_cleaned.pdb,0.728248,H_A,
7TGI_cleaned.pdb,0.600220,H_B,
7T5F_2_cleaned.pdb,0.717601,H_A,
7TH3_cleaned.pdb,0.758418,H_B,
7TMW_cleaned.pdb,0.615365,H_ABCDR,
7TYF_cleaned.pdb,0.699718,H_ABCD,
7TYL_cleaned.pdb,0.693062,H_ABCD,
7TYH_cleaned.pdb,0.677604,H_ABCD,
7TYW_cleaned.pdb,0.710625,H_ABCD,
7TYI_cleaned.pdb,0.699377,H_ABCD,
7TYN_cleaned.pdb,0.696661,H_ABCD,
7TYO_cleaned.pdb,0.669292,H_ABCD,
7UBX_cleaned.pdb,0.709524,H_B,
7UIA_1_cleaned.pdb,0.742306,H_D,
7UIB_cleaned.pdb,0.685447,H_B,
7UBY_0_cleaned.pdb,0.755139,H_A,
7UL3_cleaned.pdb,0.682366,H_B,
7TYX_cleaned.pdb,0.716005,H_ABCDG,
7TYY_cleaned.pdb,0.680666,H_ABCD,
7UIE_1_cleaned.pdb,0.635599,H_F,
7UL5_cleaned.pdb,0.673917,H_B,
7UPM_cleaned.pdb,0.652051,H_A,
7USV_cleaned.pdb,0.785642,H_B,
7UST_cleaned.pdb,0.699332,H_A,
7UNZ_cleaned.pdb,0.780525,H_B,
7V9L_cleaned.pdb,0.726151,H_ABCDE,
7V35_cleaned.pdb,0.496463,H_ABCDE,
7V9M_cleaned.pdb,0.608013,H_ABCD,
7VFA_cleaned.pdb,0.674205,H_E,
7VBH_cleaned.pdb,0.700493,H_ABCD,
7VFB_cleaned.pdb,0.760302,H_A,
7VAB_cleaned.pdb,0.701793,H_ABC,
7VNB_cleaned.pdb,0.721512,H_B,
7VKE_cleaned.pdb,0.727785,H_A,
7VOA_cleaned.pdb,0.735621,H_B,
7VBI_cleaned.pdb,0.684840,H_ABCD,
7VUI_cleaned.pdb,,H_ABC,CRASH rc=-11
7VUJ_cleaned.pdb,0.571268,H_ABC,
7VUH_cleaned.pdb,0.642994,H_ABC,
7VQX_cleaned.pdb,0.636254,H_ABCD,
7VVK_cleaned.pdb,0.734094,H_ABC,
7VVJ_cleaned.pdb,0.723997,H_ABC,
7VVL_cleaned.pdb,0.731743,H_ABC,
7VVM_cleaned.pdb,0.688726,H_ABC,
7VVN_cleaned.pdb,0.613926,H_ABC,
7W1S_cleaned.pdb,0.740448,H_A,
7VVO_cleaned.pdb,0.671161,H_ABC,
7WKI_cleaned.pdb,0.726736,H_A,
7WD2_0_cleaned.pdb,0.754616,H_A,
7WCM_cleaned.pdb,0.698866,H_ABCD,
7WBJ_cleaned.pdb,0.576409,H_ABCD,
7WN0_cleaned.pdb,0.593227,H_A,
7WCN_cleaned.pdb,0.699715,H_ABCD,
7WN1_cleaned.pdb,0.703721,H_A,
7WUI_cleaned.pdb,0.661111,H_ABC,
7WUJ_cleaned.pdb,0.497653,H_ABC,
7WQ4_cleaned.pdb,0.660095,H_AB,
7WU2_cleaned.pdb,0.604130,H_ABCD,
7WU3_cleaned.pdb,0.677882,H_ABCD,
7WUQ_cleaned.pdb,0.737701,H_ABCD,
7WXU_cleaned.pdb,0.624294,H_ABCD,
7WXW_cleaned.pdb,0.676192,H_ABCD,
7WY8_cleaned.pdb,0.700175,H_ABCD,
7X2C_cleaned.pdb,0.586277,H_ABCD,
7X2J_cleaned.pdb,0.633474,H_B,
7X2M_cleaned.pdb,0.734892,H_B,
7X2D_cleaned.pdb,0.624473,H_ABCD,
7X2F_cleaned.pdb,0.589031,H_ABCDE,
7X8R_cleaned.pdb,0.747618,H_ABCD,
7X4I_0_cleaned.pdb,0.735669,H_ABC,
7X8S_cleaned.pdb,0.703556,H_ABCD,
7XJH_cleaned.pdb,0.683703,H_ABC,
7XJI_cleaned.pdb,0.706289,H_ABC,
7XKE_cleaned.pdb,0.676228,H_ABC,
7XLD_cleaned.pdb,0.821606,H_A,
7XLI_cleaned.pdb,0.768896,H_A,
7XKD_cleaned.pdb,0.667334,H_ABCD,
7XKF_cleaned.pdb,0.684775,H_ABCD,
7XOU_cleaned.pdb,0.605456,H_ABCD,
7XOV_cleaned.pdb,0.588154,H_ABCD,
7XQV_cleaned.pdb,0.711774,H_A,
7XT8_cleaned.pdb,0.709670,H_ABC,
7XP5_cleaned.pdb,0.652197,H_AB,
7XP6_cleaned.pdb,0.657205,H_AB,
7XP4_cleaned.pdb,0.694066,H_AB,
7XTP_cleaned.pdb,0.646713,H_A,
7XTC_cleaned.pdb,0.599829,H_AB,
7XTB_cleaned.pdb,0.663706,H_ABCD,
7Y0O_cleaned.pdb,0.479137,H_B,
7XW5_cleaned.pdb,0.671116,H_ABC,
7XZ5_cleaned.pdb,0.598178,H_ABC,
7XTQ_cleaned.pdb,0.554689,H_ABCD,
7XZ6_cleaned.pdb,0.542562,H_ABC,
7Y36_cleaned.pdb,0.718715,H_ABCD,
7Y35_cleaned.pdb,0.701054,H_ABCD,
7Y6K_cleaned.pdb,0.689804,H_B,
7Y9T_cleaned.pdb,0.617233,H_A,
7Y9V_cleaned.pdb,0.684134,H_B,
7Y9U_cleaned.pdb,0.620166,H_B,
7Y3G_cleaned.pdb,0.696291,H_ABCD,
7YM8_cleaned.pdb,,H_AB,CRASH rc=-11
7YZ9_cleaned.pdb,0.756819,H_A,
7YIT_cleaned.pdb,0.727633,H_A,
7YMJ_cleaned.pdb,0.612162,H_AB,
7Z1A_1_cleaned.pdb,0.773898,H_A,
7Z1A_0_cleaned.pdb,0.794412,H_A,
7YDP_cleaned.pdb,0.702207,H_ABCD,
7YDM_cleaned.pdb,0.643079,H_ABCD,
7Z1A_cleaned.pdb,0.759309,H_B,
7Z1B_0_cleaned.pdb,0.737210,H_C,
7Z1B_cleaned.pdb,0.768532,H_B,
7Z1C_0_cleaned.pdb,0.759095,H_C,
7Z1C_2_cleaned.pdb,0.724529,H_C,
7Z1B_1_cleaned.pdb,0.710764,H_C,
7Z1C_cleaned.pdb,0.776651,H_B,
7ZAU_cleaned.pdb,0.613721,H_G,
7ZF4_cleaned.pdb,0.665838,H_E,
7ZFC_cleaned.pdb,0.724933,H_E,
7ZG0_cleaned.pdb,0.732905,H_B,
7ZFB_cleaned.pdb,0.697325,H_F,
7ZK1_0_cleaned.pdb,0.725921,H_A,
7ZK1_1_cleaned.pdb,0.754193,H_A,
7ZG0_1_cleaned.pdb,0.714466,H_CDE,
7ZK1_cleaned.pdb,0.709619,H_B,
7ZKZ_cleaned.pdb,0.806827,H_B,
7ZKZ_0_cleaned.pdb,0.792688,H_A,
7ZKZ_1_cleaned.pdb,0.772008,H_A,
7ZML_cleaned.pdb,0.703215,H_B,
7ZKW_cleaned.pdb,0.728742,H_A,
7ZMM_cleaned.pdb,0.731941,H_A,
7ZMO_0_cleaned.pdb,0.728974,H_A,
7ZMN_cleaned.pdb,0.730634,H_B,
7ZMP_cleaned.pdb,0.712513,H_A,
7ZMQ_cleaned.pdb,0.755020,H_B,
7ZMS_cleaned.pdb,0.720551,H_A,
7ZMR_cleaned.pdb,0.735186,H_A,
7ZMV_cleaned.pdb,0.726430,H_B,
7ZMT_cleaned.pdb,0.681572,H_A,
7ZOX_1_cleaned.pdb,0.689437,H_A,
7ZOX_0_cleaned.pdb,0.734355,H_A,
7ZQT_cleaned.pdb,0.686537,H_B,
8AFH_1_cleaned.pdb,0.564078,H_QR,
7ZXU_cleaned.pdb,0.788902,H_E,
7ZW1_cleaned.pdb,0.574975,H_B,
8AFH_0_cleaned.pdb,0.564361,H_AKLOP,
8A67_cleaned.pdb,0.729144,H_EFG,
8AFM_cleaned.pdb,0.549289,H_ABG,
8AIA_0_cleaned.pdb,0.558238,H_ABKL,
8AHL_2_cleaned.pdb,0.645506,H_CD,
8AIA_1_cleaned.pdb,0.625111,H_MN,
8AIX_1_cleaned.pdb,0.529350,H_WX,
8AOK_cleaned.pdb,0.705828,H_A,
8AJB_2_cleaned.pdb,0.678290,H_CSTUV,
8AOM_cleaned.pdb,0.608802,H_A,
8APY_cleaned.pdb,0.725324,H_A,
8B17_cleaned.pdb,0.765614,H_A,
8B19_cleaned.pdb,0.711283,H_A,
8B18_cleaned.pdb,0.743284,H_A,
8B1B_cleaned.pdb,0.739104,H_A,
8B1A_cleaned.pdb,0.771439,H_A,
8B1D_cleaned.pdb,0.761154,H_A,
8B1C_cleaned.pdb,0.715493,H_A,
8B1E_cleaned.pdb,0.744323,H_A,
8B1F_cleaned.pdb,0.749590,H_A,
8B1G_cleaned.pdb,0.764895,H_A,
8B1H_cleaned.pdb,0.740677,H_A,
8B1I_cleaned.pdb,0.742363,H_A,
8B1K_cleaned.pdb,0.762093,H_A,
8B7W_cleaned.pdb,0.739388,H_CD,
8B1J_cleaned.pdb,0.751709,H_A,
8B8I_0_cleaned.pdb,0.812902,H_J,
8B41_cleaned.pdb,0.570645,H_ABD,
8BEV_cleaned.pdb,0.571706,H_A,
8BH5_cleaned.pdb,0.762973,H_E,
8BE2_cleaned.pdb,0.729422,H_S,
8BPK_cleaned.pdb,0.442359,H_C,
8BVR_cleaned.pdb,0.668438,H_A,
8BZY_cleaned.pdb,,H_ABC,CRASH rc=-11
8BVS_cleaned.pdb,0.498218,H_A,
8C3K_cleaned.pdb,0.742721,H_A,
8C02_cleaned.pdb,0.658608,H_ABC,
8BVT_cleaned.pdb,0.616689,H_A,
8C3L_cleaned.pdb,0.748612,H_AD,
8C5H_cleaned.pdb,0.740805,H_S,
8C8P_cleaned.pdb,0.657134,H_A,
8CWU_cleaned.pdb,0.686562,H_A,
8CWV_cleaned.pdb,0.720596,H_A,
8CD0_cleaned.pdb,0.534926,H_A,
8CXR_0_cleaned.pdb,0.658604,H_B,
8CYJ_0_cleaned.pdb,0.483538,H_R,
8CY7_cleaned.pdb,0.679419,H_A,
8DAM_0_cleaned.pdb,,H_ABCD,CRASH rc=-11
8CYJ_2_cleaned.pdb,0.716367,H_R,
8CYJ_1_cleaned.pdb,0.634241,H_R,
8CYJ_cleaned.pdb,0.483016,H_B,
8CYJ_3_cleaned.pdb,0.684382,H_R,
8DAM_1_cleaned.pdb,,H_ABCD,CRASH rc=-11
8DCR_cleaned.pdb,0.655761,H_B,
8DCS_cleaned.pdb,0.717345,H_B,
8DQU_cleaned.pdb,0.816311,H_X,
8DI5_cleaned.pdb,0.712636,H_C,
8DAM_cleaned.pdb,0.696007,H_ABCD,
8DLY_cleaned.pdb,0.646883,H_C,
8DFL_cleaned.pdb,0.653768,H_AD,
8DM0_cleaned.pdb,0.677298,H_C,
8DTN_cleaned.pdb,0.769522,H_AF,
8DTU_cleaned.pdb,0.781588,H_C,
8E0E_cleaned.pdb,,H_ABC,CRASH rc=-11
8DYP_cleaned.pdb,0.559653,H_A,
8E3X_cleaned.pdb,0.676766,H_ABCD,
8E3Y_cleaned.pdb,0.662749,H_ABCDE,
8ELO_cleaned.pdb,0.691137,H_A,
8E3Z_cleaned.pdb,0.708752,H_ABCDE,
8EE2_0_cleaned.pdb,0.658919,H_IJ,
8ELN_cleaned.pdb,0.703373,H_EF,
8ELP_cleaned.pdb,0.735009,H_A,
8ELQ_cleaned.pdb,0.789107,H_A,
8EE2_1_cleaned.pdb,0.703802,H_AB,
8EN0_cleaned.pdb,0.751351,H_A,
8EMZ_cleaned.pdb,0.659257,H_A,
8EN2_cleaned.pdb,0.787537,H_AB,
8EQB_cleaned.pdb,0.698200,H_ABCDEFKL,
8EN3_cleaned.pdb,0.633047,H_AB,
8EVD_1_cleaned.pdb,0.697613,H_AG,
8EW6_cleaned.pdb,0.754965,H_WY,
8F0K_cleaned.pdb,0.726768,H_ABCD,
8F2A_cleaned.pdb,0.703979,H_ABCD,
8F6U_cleaned.pdb,0.671847,H_B,
8F0J_cleaned.pdb,0.694938,H_ABCD,
8F6U_1_cleaned.pdb,0.663294,H_CD,
8F6V_cleaned.pdb,0.771019,H_D,
8F2B_cleaned.pdb,0.702538,H_ABCDG,
8F76_cleaned.pdb,0.685707,H_ABCXYZ,
8FLQ_cleaned.pdb,0.656640,H_ABCDG,
8FLS_cleaned.pdb,0.685283,H_ABCD,
8FLR_cleaned.pdb,0.673498,H_ABCD,
8FLT_cleaned.pdb,0.701182,H_ABCD,
8FLU_cleaned.pdb,0.657958,H_ABCD,
8FXS_cleaned.pdb,0.733616,H_B,
8FU6_cleaned.pdb,0.550169,H_ABCDE,
8G0I_cleaned.pdb,0.734129,H_A,
8FXV_cleaned.pdb,0.765157,H_C,
8G72_cleaned.pdb,0.666405,H_B,
8GJR_cleaned.pdb,0.686653,H_B,
8G0W_cleaned.pdb,0.679481,H_AB,
8GHR_cleaned.pdb,0.708747,H_B,
8GNI_cleaned.pdb,0.766480,H_A,
8GNJ_cleaned.pdb,0.760795,H_A,
8GQ5_cleaned.pdb,0.743181,H_P,
8GZ5_cleaned.pdb,0.694790,H_A,
8GW8_cleaned.pdb,0.742548,H_ABC,
8H3X_cleaned.pdb,0.686301,H_C,
8H3Y_0_cleaned.pdb,0.733774,H_C,
8H5T_cleaned.pdb,0.741203,H_A,
8H5U_cleaned.pdb,0.722562,H_B,
8H4K_cleaned.pdb,0.622406,H_ABCD,
8H4I_cleaned.pdb,0.662539,H_ABCD,
8H63_cleaned.pdb,0.710370,H_B,
8H91_cleaned.pdb,0.682579,H_B,
8H91_1_cleaned.pdb,0.577257,H_AB,
8H4L_cleaned.pdb,0.624600,H_ABCD,
8HA0_cleaned.pdb,0.691838,H_ABCD,
8HAF_cleaned.pdb,0.695714,H_ABCD,
8HBJ_2_cleaned.pdb,0.525032,H_Bg,
8HBG_1_cleaned.pdb,0.473086,H_15A,
8HAO_cleaned.pdb,0.611327,H_ABC,
8HBI_1_cleaned.pdb,0.610885,H_UWZ,
8HBJ_3_cleaned.pdb,0.683916,H_BCDE,
8HDO_cleaned.pdb,0.706047,H_AB,
8HEG_cleaned.pdb,0.717430,H_RS,
8HGI_0_cleaned.pdb,0.672860,H_AB,
8HJ0_cleaned.pdb,0.592966,H_ABC,
8HDP_cleaned.pdb,0.629147,H_AB,
8HJ2_cleaned.pdb,0.639742,H_ABC,
8HJ1_cleaned.pdb,0.550106,H_ABCD,
8HMV_cleaned.pdb,0.661156,H_ABCD,
8HNN_cleaned.pdb,0.754274,H_R,
8HR2_0_cleaned.pdb,0.641339,H_A,
8HXQ_cleaned.pdb,0.715103,H_CD,
8HXR_cleaned.pdb,0.659028,H_C,
8HR2_1_cleaned.pdb,0.751692,H_A,
8IM0_cleaned.pdb,,H_AB,CRASH rc=-11
8HTI_cleaned.pdb,0.700928,H_ABCDE,
8IEE_cleaned.pdb,0.703053,H_B,
8ILX_0_cleaned.pdb,0.720581,H_A,
8IM1_2_cleaned.pdb,0.626923,H_EG,
8IOD_cleaned.pdb,0.681828,H_AB,
8IM1_0_cleaned.pdb,0.692355,H_AEG,
8IOC_cleaned.pdb,0.688428,H_ABCD,
8IQ4_cleaned.pdb,0.722430,H_ABCDEF,
8IQ6_cleaned.pdb,0.655994,H_ABCDEF,
8ITL_cleaned.pdb,0.693486,H_ABCD,
8IW9_cleaned.pdb,0.730581,H_ABCD,
8ITM_cleaned.pdb,0.674280,H_ABCD,
8JIQ_cleaned.pdb,0.585069,H_ABC,
8JIS_cleaned.pdb,0.686167,H_AB,
8JIT_cleaned.pdb,0.562642,H_ABC,
8JJV_cleaned.pdb,0.825705,H_B,
8IZB_cleaned.pdb,0.738635,H_ABCD,
8JLY_cleaned.pdb,0.815143,H_B,
8JIU_cleaned.pdb,0.577503,H_ABC,
8JTW_cleaned.pdb,0.702151,H_AB,
8JTX_cleaned.pdb,0.725556,H_AB,
8JXS_cleaned.pdb,0.637315,H_ABCDEF,
8K8J_cleaned.pdb,0.611456,H_AB,
8JTY_cleaned.pdb,0.737430,H_AB,
8JXR_cleaned.pdb,0.677665,H_ABCDEF,
8K3K_cleaned.pdb,0.691160,H_B,
8KH5_cleaned.pdb,0.582365,H_ABC,
8OWW_cleaned.pdb,0.743214,H_B,
8PIH_cleaned.pdb,0.739202,H_B,
8ONT_cleaned.pdb,0.619677,H_B,
8PIZ_cleaned.pdb,0.664181,H_B,
8PIJ_cleaned.pdb,0.700773,H_B,
8PJP_cleaned.pdb,0.682643,H_B,
8PKC_cleaned.pdb,0.712640,H_B,
8PM2_cleaned.pdb,0.673142,H_ABC,
8PYR_cleaned.pdb,0.664280,H_B,
8Q94_cleaned.pdb,0.725945,H_B,
8Q93_cleaned.pdb,0.637514,H_B,
8Q95_cleaned.pdb,0.731098,H_B,
8QF4_cleaned.pdb,0.738830,H_B,
8QF5_cleaned.pdb,0.768363,H_B,
8QGX_cleaned.pdb,0.720141,H_B,
8QZ3_cleaned.pdb,0.655453,H_B,
8QZ1_cleaned.pdb,0.713973,H_B,
8QZ2_cleaned.pdb,0.671413,H_B,
8QGZ_cleaned.pdb,0.661741,H_BCD,
8QOT_cleaned.pdb,0.685459,H_B,
8QZ4_cleaned.pdb,0.714546,H_B,
8QW4_cleaned.pdb,0.622008,H_B,
8RBY_cleaned.pdb,0.709939,H_B,
8RMK_cleaned.pdb,0.644172,H_B,
8S0M_cleaned.pdb,0.762536,H_B,
8S0L_cleaned.pdb,0.727156,H_B,
8RJ7_cleaned.pdb,0.696859,H_B,
8SBB_cleaned.pdb,0.636868,H_B,
8SOS_cleaned.pdb,0.760065,H_B,
8TH3_cleaned.pdb,0.802242,H_B,
8U26_cleaned.pdb,0.696411,H_ABCD,
8TH4_cleaned.pdb,0.738177,H_B,
8U3S_cleaned.pdb,0.622639,H_B,
8UHB_cleaned.pdb,0.718850,H_ABC,
8UKV_cleaned.pdb,0.672227,H_B,
8UY6_cleaned.pdb,0.802145,H_B,
8VYL_cleaned.pdb,0.736441,H_B,
8W87_cleaned.pdb,0.749519,H_AB,
8W89_cleaned.pdb,0.703724,H_B,
8W88_cleaned.pdb,0.688249,H_ABC,
8W8A_cleaned.pdb,0.719398,H_B,
8WG8_cleaned.pdb,0.524598,H_AB,
8WEO_cleaned.pdb,0.737456,H_B,
8X7A_cleaned.pdb,0.718404,H_AB,
8X79_cleaned.pdb,0.681970,H_AB,
8WG7_cleaned.pdb,0.610366,H_ABC,
8X7N_0_cleaned.pdb,0.712939,H_A,
8X7N_1_cleaned.pdb,0.679688,H_G,
8XK2_cleaned.pdb,0.697337,H_B,
8YBL_cleaned.pdb,0.740605,H_B,
8XLD_cleaned.pdb,0.711998,H_B,
8YBM_cleaned.pdb,0.729853,H_A,
8YBO_cleaned.pdb,0.745024,H_B,
8YBN_cleaned.pdb,0.777217,H_B,
8YBP_cleaned.pdb,0.618190,H_B,
8YKD_cleaned.pdb,0.703763,H_B,
8YOT_cleaned.pdb,0.726862,H_B,
8YSF_cleaned.pdb,0.524040,H_B,
8YVJ_cleaned.pdb,0.767648,H_B,
8Z8L_cleaned.pdb,0.706621,H_B,
8YVO_cleaned.pdb,0.688455,H_BCD,
9B0A_cleaned.pdb,0.655841,H_B,
8YSH_cleaned.pdb,0.696938,H_B,
9B2C_cleaned.pdb,0.738254,H_B,
9BN7_0_cleaned.pdb,0.759653,H_AC,
9E7N_cleaned.pdb,0.757354,H_B,
9EAH_cleaned.pdb,0.827322,H_B,
9EAI_cleaned.pdb,0.776533,H_B,
9E7K_cleaned.pdb,0.737138,H_B,
9EG6_cleaned.pdb,0.731896,H_ACE,
9DJW_0_cleaned.pdb,0.720469,H_2ACU,
9EGN_cleaned.pdb,0.748865,H_B,
9EIU_cleaned.pdb,0.717464,H_B,
9FR4_cleaned.pdb,0.714896,H_B,
9ERW_cleaned.pdb,0.766887,H_B,
9EN2_cleaned.pdb,0.653478,H_B,
9FC2_cleaned.pdb,0.715727,H_B,
9FWW_cleaned.pdb,0.696075,H_B,
9FZC_cleaned.pdb,0.795928,H_B,
9FVB_cleaned.pdb,0.765819,H_B,
9G2A_cleaned.pdb,0.658861,H_A,
9G4G_cleaned.pdb,0.757477,H_A,
9G2G_cleaned.pdb,0.717504,H_A,
9G48_cleaned.pdb,0.664422,H_A,
9G5L_cleaned.pdb,0.732897,H_A,
9GLZ_cleaned.pdb,0.758201,H_A,
9HO4_cleaned.pdb,0.788010,H_B,
9HO5_cleaned.pdb,0.707842,H_A,
9IQP_cleaned.pdb,0.762454,H_B,
9JEC_cleaned.pdb,0.740630,H_B,
9J7Y_cleaned.pdb,0.675633,H_B,
9HPA_cleaned.pdb,0.636935,H_B,
9LAD_cleaned.pdb,0.685579,H_B,
9GCN_cleaned.pdb,0.690116,H_ABCVXYZ,
9KQC_0_cleaned.pdb,0.712043,H_A,
9LH2_cleaned.pdb,0.833929,H_B,
9LJJ_cleaned.pdb,0.702700,H_B,
9NN9_cleaned.pdb,0.737863,H_B,
9LM6_cleaned.pdb,0.680257,H_AB,
9MY8_cleaned.pdb,0.672353,H_B,
9T9M_cleaned.pdb,0.676117,H_B,
9S36_cleaned.pdb,0.708245,H_B,
9TH6_cleaned.pdb,0.763340,H_ABCD,
9S35_cleaned.pdb,0.689987,H_B,
9UCP_cleaned.pdb,0.610025,H_B,
9YC3_cleaned.pdb,0.778214,H_B,
9ULP_cleaned.pdb,0.578341,H_B,
9Z5Q_cleaned.pdb,0.779843,H_B,
